<?xml version="1.0" encoding="ISO-8859-1" standalone="no"?><Biblioteca>
    <Llibre id="1">
        <titulo>De cero a uno</titulo>
        <autor>Peter Thiel</autor>
        <anyo_publicacion>2014</anyo_publicacion>
        <editorial>Blake Masters</editorial>
        <paginas>181</paginas>
    </Llibre>
    <Llibre id="2">
        <titulo>El camino de los reyes</titulo>
        <autor>Brandon Sanderson</autor>
        <anyo_publicacion>2010</anyo_publicacion>
        <editorial>Tor Books</editorial>
        <paginas>1007</paginas>
    </Llibre>
    <Llibre id="3">
        <titulo>El metodo Lean Startup</titulo>
        <autor>Eric Ries</autor>
        <anyo_publicacion>2011</anyo_publicacion>
        <editorial>Deusto</editorial>
        <paginas>320</paginas>
    </Llibre>
    
</Biblioteca>